{
    "tests": [
        {
            "name": "Correctness | test_default1",
            "score": 1,
            "max_score": 1,
            "visibility": "visible"
        },
        {
            "name": "Correctness | test_str_ops",
            "score": 1,
            "max_score": 1,
            "visibility": "visible"
        },
        {
            "name": "Correctness | test_template1",
            "score": 1,
            "max_score": 1,
            "visibility": "visible"
        },
        {
            "name": "Correctness | test_template8",
            "score": 1,
            "max_score": 1,
            "visibility": "visible"
        },
        {
            "name": "Correctness | template1",
            "score": 1,
            "max_score": 1,
            "visibility": "visible"
        },
        {
            "name": "Correctness | template2",
            "score": 1,
            "max_score": 1,
            "visibility": "visible"
        },
        {
            "name": "Correctness | test_template9",
            "score": 1,
            "max_score": 1,
            "visibility": "visible"
        },
        {
            "name": "Correctness | test_template10",
            "score": 1,
            "max_score": 1,
            "visibility": "visible"
        },
        {
            "name": "Correctness | test_template14",
            "score": 1,
            "max_score": 1,
            "visibility": "visible"
        },
        {
            "name": "Correctness | template3",
            "score": 1,
            "max_score": 1,
            "visibility": "visible"
        },
        {
            "name": "Correctness | test_except1",
            "score": 1,
            "max_score": 1,
            "visibility": "visible"
        },
        {
            "name": "Correctness | test_except13",
            "score": 1,
            "max_score": 1,
            "visibility": "visible"
        },
        {
            "name": "Correctness | test_except4",
            "score": 1,
            "max_score": 1,
            "visibility": "visible"
        },
        {
            "name": "Incorrectness | let1",
            "score": 1,
            "max_score": 1,
            "visibility": "visible"
        },
        {
            "name": "Incorrectness | test_except4",
            "score": 1,
            "max_score": 1,
            "visibility": "visible"
        },
        {
            "name": "Incorrectness | test_template5",
            "score": 1,
            "max_score": 1,
            "visibility": "visible"
        },
        {
            "name": "Incorrectness | test_incompat_template_types",
            "score": 1,
            "max_score": 1,
            "visibility": "visible"
        },
        {
            "name": "Incorrectness | template2",
            "score": 1,
            "max_score": 1,
            "visibility": "visible"
        },
        {
            "name": "Incorrectness | template4",
            "score": 1,
            "max_score": 1,
            "visibility": "visible"
        },
        {
            "name": "Incorrectness | template5",
            "score": 1,
            "max_score": 1,
            "visibility": "visible"
        },
        {
            "name": "Incorrectness | template6",
            "score": 1,
            "max_score": 1,
            "visibility": "visible"
        },
        {
            "name": "Incorrectness | template7",
            "score": 1,
            "max_score": 1,
            "visibility": "visible"
        },
        {
            "name": "Incorrectness | test_template_invalid_types",
            "score": 1,
            "max_score": 1,
            "visibility": "visible"
        },
        {
            "name": "Incorrectness | test_template_invalid_types2",
            "score": 1,
            "max_score": 1,
            "visibility": "visible"
        },
        {
            "name": "Incorrectness | test_template6",
            "score": 1,
            "max_score": 1,
            "visibility": "visible"
        },
        {
            "name": "Incorrectness | test_template11",
            "score": 1,
            "max_score": 1,
            "visibility": "visible"
        },
        {
            "name": "Incorrectness | template3",
            "score": 1,
            "max_score": 1,
            "visibility": "visible"
        },
        {
            "name": "Incorrectness | test_template12",
            "score": 1,
            "max_score": 1,
            "visibility": "visible"
        },
        {
            "name": "Incorrectness | test_template13",
            "score": 1,
            "max_score": 1,
            "visibility": "visible"
        },
        {
            "name": "Incorrectness | test_template15",
            "score": 1,
            "max_score": 1,
            "visibility": "visible"
        },
        {
            "name": "Incorrectness | test_template16",
            "score": 1,
            "max_score": 1,
            "visibility": "visible"
        },
        {
            "name": "Incorrectness | except1",
            "score": 1,
            "max_score": 1,
            "visibility": "visible"
        },
        {
            "name": "Incorrectness | test_template",
            "score": 0,
            "max_score": 1,
            "visibility": "visible"
        }
    ]
}